Time(s),Velocity(m/s),Accel(m/s^2),Pressure(kPa),Altitude(m)
0,0.6,0.6,101.22,0.6
0.06006006,0.637837838,0.601801802,101.2692492,0.673873874
0.12012012,0.675675676,,101.3184985,0.747747748
0.18018018,,0.605405405,101.3677477,0.821621622
0.24024024,0.751351351,0.607207207,101.416997,0.895495495
0.3003003,0.789189189,0.609009009,101.4662462,0.969369369
0.36036036,0.827027027,0.610810811,101.5154955,1.043243243
0.42042042,0.864864865,0.612612613,101.5647447,1.117117117
0.48048048,0.902702703,0.614414414,101.613994,1.190990991
0.540540541,0.940540541,0.616216216,101.6632432,1.264864865
0.600600601,0.978378378,0.618018018,101.7124925,1.338738739
0.660660661,1.016216216,0.61981982,101.7617417,1.412612613
0.720720721,1.054054054,,101.810991,1.486486486
0.780780781,1.091891892,0.623423423,101.8602402,1.56036036
0.840840841,1.12972973,,101.9094895,1.634234234
0.900900901,,0.627027027,101.9587387,1.708108108
0.960960961,1.205405405,0.628828829,,1.781981982
,1.239459459,0.626216216,102.0210811,1.865315315
1.081081081,,,101.967027,1.966216216
1.141141141,1.293513514,0.604594595,101.912973,2.067117117
1.201201201,1.320540541,0.593783784,101.8589189,2.168018018
,1.347567568,0.582972973,101.8048649,2.268918919
1.321321321,1.374594595,0.572162162,101.7508108,2.36981982
1.381381381,1.401621622,0.561351351,101.6967568,2.470720721
1.441441441,1.428648649,0.550540541,101.6427027,2.571621622
1.501501502,1.455675676,0.53972973,101.5886486,2.672522523
1.561561562,1.482702703,0.528918919,101.5345946,2.773423423
1.621621622,1.50972973,0.518108108,101.4805405,2.874324324
,1.536756757,0.507297297,101.4264865,2.975225225
1.741741742,1.563783784,0.496486486,101.3724324,3.076126126
1.801801802,1.590810811,0.485675676,101.3183784,3.177027027
1.861861862,1.617837838,0.474864865,101.2643243,3.277927928
1.921921922,1.644864865,0.464054054,101.2102703,3.378828829
1.981981982,1.671891892,0.453243243,101.1562162,3.47972973
2.042042042,1.714474474,0.465555556,101.1597598,3.615105105
2.102102102,,0.487777778,101.187988,3.765255255
2.162162162,,0.51,101.2162162,3.915405405
2.222222222,,0.532222222,101.2444444,4.065555556
2.282282282,,0.554444444,101.2726727,4.215705706
2.342342342,1.960720721,0.576666667,101.3009009,4.365855856
2.402402402,2.00996997,0.598888889,101.3291291,4.516006006
2.462462462,2.059219219,0.621111111,101.3573574,4.666156156
2.522522523,2.108468468,0.643333333,101.3855856,4.816306306
2.582582583,2.157717718,0.665555556,101.4138138,4.966456456
2.642642643,2.206966967,0.687777778,101.442042,5.116606607
2.702702703,2.256216216,0.71,,5.266756757
2.762762763,2.305465465,0.732222222,101.4984985,5.416906907
2.822822823,2.354714715,0.754444444,101.5267267,5.567057057
2.882882883,2.403963964,0.776666667,101.554955,5.717207207
2.942942943,2.453213213,,101.5831832,5.867357357
3.003003003,2.501201201,0.818768769,101.6095495,6.018708709
3.063063063,2.525225225,0.794144144,101.6005405,6.192882883
3.123123123,2.549249249,0.76951952,101.5915315,6.367057057
3.183183183,2.573273273,0.744894895,101.5825225,6.541231231
3.243243243,2.597297297,0.72027027,101.5735135,6.715405405
3.303303303,2.621321321,0.695645646,101.5645045,6.88957958
3.363363363,2.645345345,0.671021021,101.5554955,7.063753754
3.423423423,2.669369369,0.646396396,101.5464865,
3.483483483,2.693393393,0.621771772,101.5374775,
3.543543544,2.717417417,0.597147147,101.5284685,7.586276276
3.603603604,2.741441441,0.572522523,101.5194595,7.76045045
3.663663664,2.765465465,0.547897898,101.5104505,7.934624625
3.723723724,2.789489489,0.523273273,101.5014414,8.108798799
3.783783784,2.813513514,0.498648649,101.4924324,8.282972973
3.843843844,2.837537538,0.474024024,101.4834234,8.457147147
3.903903904,2.861561562,0.449399399,101.4744144,8.631321321
3.963963964,2.885585586,0.424774775,101.4654054,8.805495495
4.024024024,3.238258258,0.738168168,101.4427027,9.317927928
4.084084084,4.083903904,1.558588589,101.3994595,10.33774775
4.144144144,4.92954955,2.379009009,101.3562162,11.35756757
4.204204204,5.775195195,,101.312973,12.37738739
,6.620840841,,101.2697297,13.39720721
4.324324324,7.466486486,,101.2264865,14.41702703
4.384384384,8.312132132,,101.1832432,15.43684685
4.444444444,9.157777778,6.481111111,101.14,16.45666667
,10.00342342,7.301531532,101.0967568,
4.564564565,10.84906907,8.121951952,101.0535135,
4.624624625,11.69471471,8.942372372,101.0102703,
4.684684685,12.54036036,9.762792793,100.967027,
,13.38600601,10.58321321,100.9237838,21.55576577
4.804804805,14.23165165,11.40363363,100.8805405,22.57558559
4.864864865,15.0772973,12.22405405,100.8372973,23.59540541
4.924924925,15.92294294,,100.7940541,24.61522523
,16.76858859,,100.7508108,25.63504505
5.045045045,17.6772973,,100.6890991,27.35216216
5.105105105,18.60702703,14.2181982,100.6212312,29.30171171
5.165165165,19.53675676,14.30288288,100.5533634,31.25126126
5.225225225,20.46648649,14.38756757,100.4854955,33.20081081
5.285285285,21.39621622,14.47225225,100.4176276,35.15036036
,22.32594595,,100.3497598,37.09990991
5.405405405,23.25567568,14.64162162,100.2818919,39.04945946
5.465465465,24.18540541,14.72630631,100.214024,40.99900901
5.525525526,25.11513514,14.81099099,100.1461562,42.94855856
5.585585586,26.04486486,14.89567568,100.0782883,44.89810811
5.645645646,26.97459459,14.98036036,100.0104204,46.84765766
5.705705706,27.90432432,15.06504505,99.94255255,48.79720721
5.765765766,28.83405405,15.14972973,99.87468468,50.74675676
5.825825826,29.76378378,15.23441441,99.80681682,52.69630631
5.885885886,30.69351351,15.3190991,99.73894895,54.64585586
5.945945946,31.62324324,15.40378378,99.67108108,56.59540541
6.006006006,32.52936937,15.4563964,99.61072072,58.61432432
6.066066066,33.22306306,15.22036036,99.61792793,61.25756757
6.126126126,33.91675676,14.98432432,,63.90081081
6.186186186,34.61045045,14.74828829,99.63234234,66.54405405
6.246246246,35.30414414,14.51225225,99.63954955,69.1872973
,,,,71.83054054
,36.69153153,14.04018018,99.65396396,74.47378378
,37.38522523,13.80414414,99.66117117,77.11702703
,38.07891892,13.56810811,99.66837838,79.76027027
6.546546547,38.77261261,13.33207207,99.67558559,82.40351351
6.606606607,39.46630631,13.09603604,99.68279279,85.04675676
6.666666667,40.16,12.86,99.69,87.69
6.726726727,40.85369369,12.62396396,99.69720721,90.33324324
6.786786787,41.54738739,12.38792793,99.70441441,92.97648649
6.846846847,42.24108108,12.15189189,99.71162162,95.61972973
6.906906907,42.93477477,11.91585586,99.71882883,98.26297297
6.966966967,43.62846847,,99.72603604,100.9062162
7.027027027,44.36081081,,99.7227027,103.9002703
7.087087087,45.14039039,,99.70648649,107.3230931
7.147147147,45.91996997,11.75894895,99.69027027,110.7459159
7.207207207,46.69954955,11.84423423,99.67405405,114.1687387
7.267267267,47.47912913,11.92951952,99.65783784,117.5915616
7.327327327,48.25870871,12.0148048,99.64162162,121.0143844
7.387387387,49.03828829,12.10009009,99.62540541,124.4372072
7.447447447,49.81786787,12.18537538,99.60918919,127.86003
7.507507508,50.59744745,12.27066066,99.59297297,131.2828529
7.567567568,51.37702703,12.35594595,99.57675676,134.7056757
7.627627628,52.15660661,12.44123123,99.56054054,138.1284985
7.687687688,52.93618619,12.52651652,99.54432432,141.5513213
7.747747748,53.71576577,12.6118018,99.52810811,144.9741441
7.807807808,54.49534535,12.69708709,99.51189189,148.396967
7.867867868,55.27492492,12.78237237,99.49567568,151.8197898
7.927927928,56.0545045,12.86765766,99.47945946,155.2426126
7.987987988,56.83408408,12.95294294,99.46324324,158.6654354
8.048048048,57.62327327,12.98009009,99.37687688,162.7215315
8.108108108,58.41486486,12.9927027,99.27297297,166.9359459
8.168168168,59.20645646,13.00531532,99.16906907,171.1503604
8.228228228,59.99804805,13.01792793,99.06516517,175.3647748
8.288288288,60.78963964,13.03054054,98.96126126,179.5791892
8.348348348,61.58123123,13.04315315,98.85735736,183.7936036
8.408408408,62.37282282,13.05576577,98.75345345,188.008018
8.468468468,63.16441441,13.06837838,98.64954955,192.2224324
8.528528529,63.95600601,13.08099099,98.54564565,196.4368468
8.588588589,64.7475976,,,200.6512613
8.648648649,65.53918919,,,204.8656757
8.708708709,66.33078078,,,209.0800901
8.768768769,67.12237237,,,213.2945045
8.828828829,67.91396396,13.14405405,98.02612613,217.5089189
8.888888889,68.70555556,13.15666667,97.92222222,221.7233333
8.948948949,69.49714715,13.16927928,97.81831832,225.9377477
,,,,
,,,,
9.129129129,72.48528529,13.79336336,97.66672673,240.8962763
9.189189189,73.56216216,14.07864865,97.6372973,246.1875676
9.249249249,74.63903904,14.36393393,97.60786787,251.4788589
9.309309309,75.71591592,14.64921922,97.57843844,256.7701502
9.369369369,,,,
9.429429429,77.86966967,15.21978979,97.51957958,267.3527327
9.489489489,78.94654655,,97.49015015,272.644024
9.54954955,80.02342342,15.79036036,97.46072072,277.9353153
9.60960961,81.1003003,16.07564565,97.43129129,283.2266066
9.66966967,82.17717718,16.36093093,97.40186186,288.5178979
9.72972973,83.25405405,16.64621622,97.37243243,293.8091892
9.78978979,84.33093093,16.9315015,97.343003,299.1004805
9.84984985,85.40780781,17.21678679,97.31357357,304.3917718
9.90990991,86.48468468,17.50207207,97.28414414,309.6830631
9.96996997,87.56156156,17.78735736,97.25471471,314.9743544
10.03003003,88.55465465,17.84621622,97.18474474,320.72
10.09009009,89.46396396,17.67864865,97.07423423,326.92
10.15015015,90.37327327,17.51108108,96.96372372,333.12
10.21021021,91.28258258,17.34351351,96.85321321,339.32
10.27027027,92.19189189,17.17594595,96.7427027,345.52
10.33033033,93.1012012,17.00837838,96.63219219,351.72
10.39039039,94.01051051,16.84081081,96.52168168,357.92
10.45045045,94.91981982,16.67324324,96.41117117,364.12
10.51051051,95.82912913,16.50567568,96.30066066,370.32
10.57057057,96.73843844,16.33810811,96.19015015,376.52
10.63063063,,16.17054054,96.07963964,382.72
10.69069069,,16.00297297,95.96912913,388.92
10.75075075,,15.83540541,95.85861862,395.12
10.81081081,,15.66783784,95.74810811,401.32
10.87087087,101.284985,15.50027027,95.6375976,407.52
10.93093093,102.1942943,15.3327027,95.52708709,413.72
10.99099099,103.1036036,15.16513514,95.41657658,419.92
11.05105105,103.9501201,15.07720721,95.36783784,426.8306306
11.11111111,104.7855556,15.00333333,95.33,433.8666667
11.17117117,105.620991,14.92945946,95.29216216,440.9027027
11.23123123,106.4564264,14.85558559,95.25432432,447.9387387
11.29129129,107.2918619,14.78171171,95.21648649,454.9747748
11.35135135,108.1272973,14.70783784,95.17864865,462.0108108
11.41141141,108.9627327,14.63396396,95.14081081,469.0468468
11.47147147,109.7981682,14.56009009,95.10297297,476.0828829
11.53153153,110.6336036,14.48621622,95.06513514,483.1189189
11.59159159,111.469039,14.41234234,95.0272973,490.154955
11.65165165,112.3044745,14.33846847,94.98945946,497.190991
11.71171171,113.1399099,14.26459459,94.95162162,504.227027
11.77177177,113.9753453,14.19072072,94.91378378,511.2630631
11.83183183,114.8107808,14.11684685,94.87594595,518.2990991
11.89189189,115.6462162,14.04297297,94.83810811,525.3351351
11.95195195,116.4816517,13.9690991,94.80027027,532.3711712
12.01201201,117.3025526,13.89546547,94.75318318,539.5597598
12.07207207,118.0653153,13.82279279,94.6690991,547.3585586
12.13213213,118.8280781,13.75012012,94.58501502,555.1573574
12.19219219,119.5908408,13.67744745,94.50093093,562.9561562
12.25225225,120.3536036,13.60477477,94.41684685,570.754955
12.31231231,121.1163664,13.5321021,94.33276276,578.5537538
12.37237237,121.8791291,13.45942943,94.24867868,586.3525526
12.43243243,122.6418919,,94.16459459,594.1513514
12.49249249,123.4046547,,94.08051051,601.9501502
12.55255255,124.1674174,,93.99642643,609.7489489
12.61261261,124.9301802,,93.91234234,617.5477477
12.67267267,125.6929429,,93.82825826,625.3465465
12.73273273,126.4557057,,93.74417417,633.1453453
12.79279279,127.2184685,12.95072072,93.66009009,640.9441441
12.85285285,127.9812312,12.87804805,93.57600601,648.7429429
12.91291291,128.743994,12.80537538,93.49192192,656.5417417
12.97297297,129.5067568,12.7327027,93.40783784,664.3405405
13.03303303,130.3055255,12.73633634,93.30426426,672.5948649
13.09309309,131.1337538,12.8024024,93.18474474,681.2218919
13.15315315,131.961982,12.86846847,93.06522523,689.8489189
13.21321321,132.7902102,12.93453453,92.94570571,698.4759459
13.27327327,133.6184384,13.0006006,92.82618619,707.102973
13.33333333,134.4466667,13.06666667,92.70666667,715.73
13.39339339,135.2748949,13.13273273,92.58714715,724.357027
13.45345345,136.1031231,13.1987988,92.46762763,732.9840541
13.51351351,136.9313514,13.26486486,101.8589189,741.6110811
13.57357357,137.7595796,13.33093093,101.8048649,750.2381081
13.63363363,138.5878078,13.396997,101.7508108,758.8651351
13.69369369,139.416036,13.46306306,101.6967568,767.4921622
13.75375375,140.2442643,13.52912913,101.6427027,776.1191892
13.81381381,141.0724925,13.5951952,101.5886486,784.7462162
13.87387387,141.9007207,13.66126126,101.5345946,793.3732432
13.93393393,142.7289489,13.72732733,101.4805405,802.0002703
13.99399399,143.5571772,13.79339339,101.4264865,810.6272973
14.05405405,143.4994595,12.91351351,101.3724324,819.1137838
14.11411411,143.3433033,11.92852853,101.3183784,827.5846547
14.17417417,143.1871471,10.94354354,101.2643243,836.0555255
14.23423423,143.030991,9.958558559,101.2102703,844.5263964
14.29429429,142.8748348,8.973573574,101.1562162,852.9972673
14.35435435,142.7186787,7.988588589,91.19573574,861.4681381
14.41441441,142.5625225,7.003603604,91.1645045,869.939009
14.47447447,142.4063664,6.018618619,91.13327327,878.4098799
14.53453453,142.2502102,5.033633634,91.10204204,886.8807508
14.59459459,142.0940541,4.048648649,91.07081081,895.3516216
14.65465465,141.9378979,3.063663664,91.03957958,903.8224925
14.71471471,141.7817417,2.078678679,91.00834835,912.2933634
14.77477477,141.6255856,1.093693694,90.97711712,920.7642342
14.83483483,141.4694294,0.108708709,90.94588589,929.2351051
14.89489489,141.3132733,-0.876276276,90.91465465,937.705976
14.95495495,141.1571171,-1.861261261,90.88342342,946.1768468
15.01501502,141.0098198,-2.591141141,90.8148048,954.6175375
15.07507508,140.8890991,-2.555705706,90.63402402,962.9676877
15.13513514,140.7683784,-2.52027027,90.45324324,971.3178378
15.1951952,140.6476577,-2.484834835,90.27246246,979.667988
15.25525526,140.5269369,-2.449399399,90.09168168,988.0181381
15.31531532,140.4062162,-2.413963964,89.9109009,996.3682883
15.37537538,140.2854955,-2.378528529,89.73012012,1004.718438
15.43543544,140.1647748,-2.343093093,89.54933934,1013.068589
15.4954955,140.0440541,-2.307657658,89.36855856,1021.418739
15.55555556,139.9233333,-2.272222222,89.18777778,1029.768889
15.61561562,139.8026126,-2.236786787,89.006997,1038.119039
15.67567568,139.6818919,-2.201351351,88.82621622,1046.469189
15.73573574,139.5611712,-2.165915916,88.64543544,1054.819339
15.7957958,139.4404505,-2.13048048,88.46465465,1063.169489
15.85585586,139.3197297,-2.095045045,88.28387387,1071.51964
15.91591592,139.199009,-2.05960961,88.10309309,1079.86979
15.97597598,139.0782883,-2.024174174,87.92231231,1088.21994
16.03603604,138.9874775,-1.98009009,87.7927027,1096.527568
16.0960961,138.9166066,-1.93024024,87.69720721,1104.806847
16.15615616,138.8457357,-1.88039039,87.60171171,1113.086126
16.21621622,138.7748649,-1.830540541,87.50621622,1121.365405
16.27627628,138.703994,-1.780690691,87.41072072,1129.644685
16.33633634,138.6331231,-1.730840841,87.31522523,1137.923964
16.3963964,138.5622523,-1.680990991,87.21972973,1146.203243
16.45645646,138.4913814,-1.631141141,87.12423423,1154.482523
16.51651652,138.4205105,-1.581291291,87.02873874,1162.761802
16.57657658,138.3496396,-1.531441441,86.93324324,1171.041081
16.63663664,138.2787688,-1.481591592,86.83774775,1179.32036
16.6966967,138.2078979,-1.431741742,86.74225225,1187.59964
16.75675676,138.137027,-1.381891892,86.64675676,1195.878919
16.81681682,138.0661562,-1.332042042,86.55126126,1204.158198
16.87687688,137.9952853,-1.282192192,86.45576577,1212.437477
16.93693694,137.9244144,-1.232342342,86.36027027,1220.716757
16.996997,137.8535435,-1.182492492,86.26477477,1228.996036
17.05705706,137.7478679,-1.214804805,86.15501502,1237.173183
17.11711712,137.6403604,-1.251441441,86.0445045,1245.344955
17.17717718,137.5328529,-1.288078078,85.93399399,1253.516727
17.23723724,137.4253453,-1.324714715,85.82348348,1261.688498
17.2972973,137.3178378,-1.361351351,85.71297297,1269.86027
17.35735736,137.2103303,-1.397987988,85.60246246,1278.032042
17.41741742,137.1028228,-1.434624625,85.49195195,1286.203814
17.47747748,136.9953153,-1.471261261,85.38144144,1294.375586
17.53753754,136.8878078,-1.507897898,85.27093093,1302.547357
17.5975976,136.7803003,-1.544534535,85.16042042,1310.719129
17.65765766,136.6727928,-1.581171171,85.04990991,1318.890901
17.71771772,136.5652853,-1.617807808,84.9393994,1327.062673
17.77777778,136.4577778,-1.654444444,84.82888889,1335.234444
17.83783784,136.3502703,-1.691081081,84.71837838,1343.406216
17.8978979,136.2427628,-1.727717718,84.60786787,1351.577988
17.95795796,136.1352553,-1.764354354,84.49735736,1359.74976
18.01801802,136,-1.817747748,84.41423423,1367.861532
18.07807808,135.8,-1.91024024,84.39501502,1375.833303
18.13813814,135.6,-2.002732733,84.3757958,1383.805075
18.1981982,135.4,-2.095225225,84.35657658,1391.776847
18.25825826,135.2,-2.187717718,84.33735736,1399.748619
18.31831832,135,-2.28021021,,1407.72039
18.37837838,134.8,-2.372702703,,1415.692162
18.43843844,134.6,-2.465195195,,1423.663934
18.4984985,134.4,-2.557687688,,1431.635706
18.55855856,134.2,-2.65018018,,1439.607477
18.61861862,134,-2.742672673,,1447.579249
18.67867868,133.8,-2.835165165,,1455.551021
18.73873874,133.6,-2.927657658,84.1836036,1463.522793
18.7987988,133.4,-3.02015015,84.16438438,1471.494565
18.85885886,133.2,-3.112642643,84.14516517,1479.466336
18.91891892,133,-3.205135135,84.12594595,1487.438108
18.97897898,132.8,-3.297627628,84.10672673,1495.40988
19.03903904,132.6808108,-3.249189189,84.04612613,1503.332462
19.0990991,132.6051351,-3.124864865,83.96324324,1511.228559
19.15915916,132.5294595,-3.000540541,83.88036036,1519.124655
19.21921922,132.4537838,-2.876216216,83.79747748,1527.020751
19.27927928,132.3781081,-2.751891892,83.71459459,1534.916847
19.33933934,132.3024324,-2.627567568,83.63171171,1542.812943
19.3993994,132.2267568,-2.503243243,83.54882883,1550.709039
19.45945946,132.1510811,-2.378918919,83.46594595,1558.605135
19.51951952,132.0754054,-2.254594595,83.38306306,1566.501231
19.57957958,131.9997297,-2.13027027,83.30018018,1574.397327
19.63963964,131.9240541,-2.005945946,83.2172973,1582.293423
19.6996997,131.8483784,-1.881621622,83.13441441,1590.18952
19.75975976,131.7727027,-1.757297297,83.05153153,1598.085616
19.81981982,131.697027,-1.632972973,82.96864865,1605.981712
19.87987988,131.6213514,-1.508648649,82.88576577,1613.877808
19.93993994,131.5456757,-1.384324324,82.80288288,1621.773904
20,131.47,-1.26,82.72,1629.67
20.06006006,131.3426727,-1.311651652,82.62570571,1637.439369
20.12012012,131.2153453,-1.363303303,82.53141141,1645.208739
20.18018018,131.088018,-1.414954955,82.43711712,1652.978108
20.24024024,130.9606907,-1.466606607,82.34282282,1660.747477
20.3003003,130.8333634,-1.518258258,82.24852853,1668.516847
20.36036036,130.706036,-1.56990991,82.15423423,1676.286216
20.42042042,130.5787087,-1.621561562,82.05993994,1684.055586
20.48048048,130.4513814,-1.673213213,81.96564565,1691.824955
20.54054054,130.3240541,-1.724864865,81.87135135,1699.594324
20.6006006,130.1967267,-1.776516517,81.77705706,1707.363694
20.66066066,130.0693994,-1.828168168,81.68276276,1715.133063
20.72072072,129.9420721,-1.87981982,81.58846847,1722.902432
20.78078078,129.8147447,-1.931471471,81.49417417,1730.671802
20.84084084,129.6874174,-1.983123123,81.39987988,1738.441171
20.9009009,129.5600901,-2.034774775,81.30558559,1746.210541
20.96096096,129.4327628,-2.086426426,81.21129129,1753.97991
21.02102102,129.2611862,-2.148588589,81.1190991,1761.675916
21.08108108,129.0074324,-2.23027027,81.03081081,1769.235676
21.14114114,128.7536787,-2.311951952,80.94252252,1776.795435
21.2012012,128.4999249,-2.393633634,80.85423423,1784.355195
21.26126126,128.2461712,-2.475315315,80.76594595,1791.914955
21.32132132,127.9924174,-2.556996997,80.67765766,1799.474715
21.38138138,127.7386637,-2.638678679,80.58936937,1807.034474
21.44144144,127.4849099,-2.72036036,80.50108108,1814.594234
21.5015015,127.2311562,-2.802042042,80.41279279,1822.153994
21.56156156,,-2.883723724,80.3245045,1829.713754
21.62162162,,-2.965405405,80.23621622,1837.273514
21.68168168,,-3.047087087,80.14792793,1844.833273
21.74174174,,-3.128768769,80.05963964,1852.393033
21.8018018,,-3.21045045,79.97135135,1859.952793
21.86186186,,-3.292132132,79.88306306,1867.512553
21.92192192,,-3.373813814,79.79477477,1875.072312
21.98198198,,-3.455495495,79.70648649,1882.632072
22.04204204,124.9473724,-3.437117117,79.66570571,1890.088829
22.1021021,124.6936186,-3.375855856,79.64528529,1897.501441
22.16216216,124.4398649,-3.314594595,79.62486486,1904.914054
22.22222222,124.1861111,-3.253333333,79.60444444,1912.326667
22.28228228,123.9323574,-3.192072072,79.58402402,1919.739279
22.34234234,123.6786036,-3.130810811,79.5636036,1927.151892
22.4024024,123.4248498,-3.06954955,79.54318318,1934.564505
22.46246246,123.1710961,-3.008288288,,
22.52252252,122.9173423,-2.947027027,,
22.58258258,122.6635886,-2.885765766,,
22.64264264,122.4098348,-2.824504505,,
22.7027027,122.1560811,-2.763243243,,
22.76276276,121.9023273,-2.701981982,,
22.82282282,121.6485736,-2.640720721,,
22.88288288,121.3948198,-2.579459459,79.37981982,1993.865405
22.94294294,121.1410661,-2.518198198,79.3593994,2001.278018
23.003003,120.8873123,-2.457597598,79.33219219,2008.64223
23.06306306,120.6335586,-2.40954955,79.17603604,2015.086824
23.12312312,120.3798048,-2.361501502,79.01987988,2021.531419
23.18318318,120.1260511,-2.313453453,78.86372372,2027.976014
23.24324324,119.8722973,-2.265405405,78.70756757,2034.420608
23.3033033,119.6185435,-2.217357357,78.55141141,2040.865203
23.36336336,119.3647898,-2.169309309,78.39525526,2047.309797
23.42342342,119.111036,-2.121261261,78.2390991,2053.754392
23.48348348,118.8572823,-2.073213213,78.08294294,2060.198986
23.54354354,118.6035285,-2.025165165,77.92678679,2066.643581
23.6036036,118.3497748,-1.977117117,77.77063063,2073.088176
23.66366366,118.096021,-1.929069069,77.61447447,2079.53277
23.72372372,117.8422673,-1.881021021,77.45831832,2085.977365
23.78378378,117.5885135,-1.832972973,77.30216216,2092.421959
23.84384384,117.3347598,-1.784924925,77.14600601,2098.866554
23.9039039,117.081006,-1.736876877,76.98984985,2105.311149
23.96396396,116.8272523,-1.688828829,76.83369369,2111.755743
24.02402402,116.5734985,-1.843783784,76.73039039,2118.200338
24.08408408,116.3197447,-2.303243243,76.70636637,2124.644932
24.14414414,116.065991,-2.762702703,76.68234234,2131.089527
24.2042042,115.8122372,-3.222162162,76.65831832,2137.534122
24.26426426,115.5584835,-3.681621622,76.63429429,2143.978716
24.32432432,115.3047297,-4.141081081,76.61027027,2150.423311
24.38438438,115.050976,-4.600540541,76.58624625,2156.867905
24.44444444,114.7972222,-5.06,76.56222222,2163.3125
24.5045045,114.5434685,-5.519459459,76.5381982,2169.757095
24.56456456,114.2897147,-5.978918919,76.51417417,2176.201689
24.62462462,114.035961,-6.438378378,76.49015015,2182.646284
24.68468468,113.7822072,-6.897837838,76.46612613,2189.090878
24.74474474,113.5284535,-7.357297297,76.4421021,2195.535473
24.8048048,113.2746997,-7.816756757,76.41807808,2201.980068
24.86486486,113.0209459,-8.276216216,76.39405405,2208.424662
24.92492492,112.7671922,-8.735675676,76.37003003,2214.869257
24.98498498,112.5134384,-9.195135135,76.34600601,2221.313851
25.04504505,111.9626126,-9.378018018,76.31927928,2227.758446
25.10510511,,-9.468708709,76.29165165,2234.203041
25.16516517,,-9.559399399,76.26402402,2240.647635
25.22522523,,-9.65009009,76.2363964,2247.09223
25.28528529,,-9.740780781,76.20876877,2253.536824
25.34534535,,-9.831471471,76.18114114,2259.981419
25.40540541,,-9.922162162,76.15351351,2266.426014
25.46546547,,-10.01285285,76.12588589,2272.870608
25.52552553,106.7638138,-10.10354354,76.09825826,2279.315203
46.24624625,106.113964,-10.19423423,76.07063063,2285.759797
46.30630631,105.4641141,-10.28492492,76.043003,
46.36636637,104.8142643,-10.37561562,76.01537538,
46.42642643,104.1644144,-10.46630631,75.98774775,
46.48648649,103.5145646,-10.556997,75.96012012,
46.54654655,102.8647147,-10.64768769,75.93249249,
46.60660661,102.2148649,-10.73837838,75.90486486,
46.66666667,101.5804505,-10.80456456,75.87567568,
,101.084955,-10.65021021,75.83243243,2337.316554
,100.5894595,-10.49585586,75.78918919,2343.761149
,100.093964,-10.3415015,75.74594595,2350.205743
26.24624625,99.59846847,-10.18714715,75.7027027,2356.650338
26.30630631,99.10297297,-10.03279279,75.65945946,2363.094932
26.36636637,98.60747748,-9.878438438,75.61621622,2369.539527
26.42642643,98.11198198,-9.724084084,75.57297297,2375.984122
26.48648649,97.61648649,-9.56972973,75.52972973,2382.428716
26.54654655,97.12099099,-9.415375375,75.48648649,2388.873311
26.60660661,96.6254955,-9.261021021,75.44324324,2395.317905
26.66666667,96.13,-9.106666667,75.4,2401.7625
26.72672673,95.6345045,-8.952312312,75.35675676,2408.207095
26.78678679,95.13900901,-8.797957958,75.31351351,2414.651689
26.84684685,94.64351351,-8.643603604,75.27027027,2421.096284
26.90690691,94.14801802,-8.489249249,75.22702703,2427.540878
26.96696697,93.65252252,-8.334894895,75.18378378,2433.985473
27.02702703,93.08108108,-8.325945946,75.12243243,2439.754865
27.08708709,92.41681682,-8.494714715,75.03894895,2444.699009
27.14714715,91.75255255,-8.663483483,74.95546547,2449.643153
27.20720721,91.08828829,-8.832252252,74.87198198,2454.587297
27.26726727,90.42402402,-9.001021021,74.7884985,2459.531441
27.32732733,89.75975976,-9.16978979,74.70501502,2464.475586
27.38738739,89.0954955,-9.338558559,74.62153153,2469.41973
27.44744745,88.43123123,-9.507327327,74.53804805,2474.363874
27.50750751,87.76696697,-9.676096096,74.45456456,2479.308018
27.56756757,87.1027027,-9.844864865,74.37108108,2484.252162
27.62762763,86.43843844,-10.01363363,74.2875976,2489.196306
27.68768769,85.77417417,-10.1824024,74.20411411,2494.14045
27.74774775,85.10990991,-10.35117117,74.12063063,2499.084595
27.80780781,84.44564565,-10.51993994,74.03714715,2504.028739
27.86786787,83.78138138,-10.68870871,73.95366366,2508.972883
27.92792793,83.11711712,-10.85747748,73.87018018,2513.917027
27.98798799,82.45285285,-11.02624625,73.7866967,2518.861171
28.04804805,81.87267267,-10.97543544,73.76903904,2523.357988
28.10810811,81.31351351,-10.86972973,73.76783784,2527.742973
28.16816817,80.75435435,-10.76402402,73.76663664,2532.127958
28.22822823,80.1951952,-10.65831832,73.76543544,2536.512943
28.28828829,79.63603604,-10.55261261,73.76423423,2540.897928
28.34834835,79.07687688,-10.44690691,73.76303303,2545.282913
28.40840841,78.51771772,-10.3412012,73.76183183,2549.667898
28.46846847,77.95855856,-10.2354955,73.76063063,2554.052883
28.52852853,77.3993994,-10.12978979,73.75942943,2558.437868
28.58858859,76.84024024,-10.02408408,73.75822823,2562.822853
28.64864865,76.28108108,-9.918378378,73.75702703,2567.207838
28.70870871,75.72192192,-9.812672673,73.75582583,2571.592823
28.76876877,75.16276276,-9.706966967,73.75462462,2575.977808
28.82882883,74.6036036,-9.601261261,73.75342342,2580.362793
28.88888889,74.04444444,-9.495555556,73.75222222,2584.747778
28.94894895,73.48528529,-9.38984985,73.75102102,2589.132763
29.00900901,72.91531532,-9.310990991,73.73954955,2593.423063
29.06906907,72.28408408,-9.384264264,,2597.176817
29.12912913,71.65285285,-9.457537538,,2600.930571
29.18918919,71.02162162,-9.530810811,,2604.684324
,70.39039039,-9.604084084,73.46087087,2608.438078
,69.75915916,-9.677357357,73.3912012,2612.191832
,69.12792793,-9.750630631,73.32153153,2615.945586
,68.4966967,,73.25186186,
29.48948949,67.86546547,,73.18219219,
29.54954955,67.23423423,,73.11252252,
29.60960961,66.603003,,73.04285285,2630.960601
29.66966967,65.97177177,,72.97318318,2634.714354
29.72972973,65.34054054,-10.19027027,72.90351351,2638.468108
29.78978979,,-10.26354354,72.83384384,2642.221862
29.84984985,,-10.33681682,72.76417417,2645.975616
29.90990991,,-10.41009009,72.6945045,2649.729369
29.96996997,,-10.48336336,72.62483483,2653.483123
30.03003003,,-10.54822823,72.56117117,2656.892733
30.09009009,61.46756757,-10.60468468,72.50351351,2659.958198
,60.77927928,-10.66114114,72.44585586,2663.023664
,60.09099099,-10.7175976,72.3881982,2666.089129
,59.4027027,-10.77405405,72.33054054,2669.154595
30.33033033,58.71441441,-10.83051051,72.27288288,2672.22006
30.39039039,58.02612613,-10.88696697,72.21522523,2675.285526
30.45045045,57.33783784,-10.94342342,72.15756757,2678.350991
30.51051051,56.64954955,-10.99987988,72.09990991,2681.416456
30.57057057,55.96126126,-11.05633634,72.04225225,2684.481922
30.63063063,55.27297297,-11.11279279,71.98459459,2687.547387
30.69069069,54.58468468,-11.16924925,71.92693694,2690.612853
30.75075075,53.8963964,-11.22570571,71.86927928,2693.678318
30.81081081,53.20810811,-11.28216216,71.81162162,2696.743784
30.87087087,52.51981982,-11.33861862,71.75396396,2699.809249
30.93093093,51.83153153,-11.39507508,71.69630631,2702.874715
30.99099099,51.14324324,-11.45153153,71.63864865,2705.94018
31.05105105,50.60147147,-11.31297297,71.67543544,2708.567117
31.11111111,50.08555556,-11.14,71.72888889,2711.116667
31.17117117,49.56963964,-10.96702703,71.78234234,2713.666216
31.23123123,49.05372372,-10.79405405,71.8357958,2716.215766
31.29129129,48.53780781,-10.62108108,71.88924925,2718.765315
31.35135135,48.02189189,-10.44810811,71.9427027,2721.314865
31.41141141,47.50597598,-10.27513514,71.99615616,2723.864414
31.47147147,46.99006006,-10.10216216,72.04960961,2726.413964
31.53153153,46.47414414,-9.929189189,72.10306306,2728.963514
31.59159159,45.95822823,-9.756216216,72.15651652,2731.513063
31.65165165,45.44231231,-9.583243243,72.20996997,2734.062613
31.71171171,44.9263964,-9.41027027,72.26342342,2736.612162
31.77177177,44.41048048,-9.237297297,72.31687688,2739.161712
31.83183183,43.89456456,-9.064324324,72.37033033,2741.711261
31.89189189,43.37864865,-8.891351351,72.42378378,2744.260811
31.95195195,42.86273273,-8.718378378,72.47723724,2746.81036
32.01201201,42.33108108,-8.595975976,72.51099099,2749.240991
32.07207207,41.73648649,-8.675855856,72.46594595,2751.195946
32.13213213,41.14189189,-8.755735736,72.4209009,2753.150901
32.19219219,40.5472973,-8.835615616,72.37585586,2755.105856
32.25225225,39.9527027,-8.915495495,72.33081081,2757.060811
32.31231231,39.35810811,-8.995375375,72.28576577,2759.015766
32.37237237,38.76351351,-9.075255255,72.24072072,2760.970721
32.43243243,38.16891892,-9.155135135,72.19567568,2762.925676
32.49249249,37.57432432,-9.235015015,72.15063063,2764.880631
32.55255255,36.97972973,-9.314894895,72.10558559,2766.835586
32.61261261,36.38513514,-9.394774775,72.06054054,2768.790541
32.67267267,35.79054054,-9.474654655,72.0154955,2770.745495
32.73273273,35.19594595,-9.554534535,71.97045045,2772.70045
32.79279279,34.60135135,-9.634414414,71.92540541,2774.655405
32.85285285,34.00675676,-9.714294294,71.88036036,2776.61036
32.91291291,33.41216216,-9.794174174,71.83531532,2778.565315
32.97297297,32.81756757,-9.874054054,71.79027027,2780.52027
33.03303303,32.24411411,-9.888528529,71.74522523,2782.169339
33.09309309,31.68795796,-9.849489489,71.70018018,2783.568138
33.15315315,31.1318018,-9.81045045,71.65513514,2784.966937
33.21321321,30.57564565,-9.771411411,,2786.365736
33.27327327,30.01948949,-9.732372372,,2787.764535
33.33333333,29.46333333,-9.693333333,,2789.163333
33.39339339,28.90717718,-9.654294294,,
33.45345345,28.35102102,-9.615255255,,
33.51351351,27.79486486,-9.576216216,,
33.57357357,27.23870871,-9.537177177,71.33981982,
33.63363363,26.68255255,-9.498138138,71.29477477,
33.69369369,26.1263964,-9.459099099,71.24972973,2797.556126
33.75375375,,-9.42006006,71.20468468,2798.954925
33.81381381,,-9.381021021,71.15963964,2800.353724
33.87387387,,-9.341981982,71.11459459,2801.752523
33.93393393,,-9.302942943,71.06954955,2803.151321
33.99399399,,-9.263903904,71.0245045,2804.55012
34.05405405,,-9.26,71.07243243,2805.448378
34.11411411,,-9.26,71.13069069,2806.291021
34.17417417,,-9.26,71.18894895,2807.133664
34.23423423,,-9.26,71.24720721,2807.976306
34.29429429,20.56483483,-9.26,71.30546547,2808.818949
34.35435435,20.00867868,-9.26,71.36372372,2809.661592
34.41441441,19.45252252,-9.26,71.42198198,2810.504234
34.47447447,18.89636637,-9.26,71.48024024,2811.346877
34.53453453,18.34021021,-9.26,71.5384985,2812.18952
34.59459459,17.78405405,-9.26,71.59675676,2813.032162
34.65465465,17.2278979,-9.26,71.65501502,2813.874805
34.71471471,16.67174174,-9.26,71.71327327,2814.717447
34.77477477,16.11558559,-9.26,71.77153153,2815.56009
34.83483483,15.55942943,-9.26,71.82978979,2816.402733
34.89489489,15.00327327,-9.26,71.88804805,2817.245375
34.95495495,14.44711712,-9.26,71.94630631,2818.088018
35.01501502,13.8821021,-9.268858859,71.98954955,2818.782763
35.07507508,13.29051051,-9.304294294,71.98774775,2819.033814
35.13513514,12.69891892,-9.33972973,71.98594595,2819.284865
35.1951952,12.10732733,-9.375165165,71.98414414,2819.535916
35.25525526,11.51573574,-9.410600601,71.98234234,2819.786967
35.31531532,10.92414414,-9.446036036,71.98054054,2820.038018
,10.33255255,-9.481471471,71.97873874,2820.289069
,9.740960961,-9.516906907,71.97693694,2820.54012
,9.149369369,-9.552342342,71.97513514,2820.791171
,8.557777778,-9.587777778,71.97333333,2821.042222
35.61561562,7.966186186,-9.623213213,71.97153153,2821.293273
35.67567568,7.374594595,-9.658648649,71.96972973,2821.544324
35.73573574,6.783003003,-9.694084084,71.96792793,2821.795375
35.7957958,6.191411411,-9.72951952,71.96612613,2822.046426
35.85585586,5.59981982,-9.764954955,71.96432432,2822.297477
35.91591592,,-9.80039039,71.96252252,2822.548529
35.97597598,,-9.835825826,71.96072072,2822.79958
36.03603604,,-9.98981982,,2822.555495
36.0960961,,-10.22285285,,2821.981321
36.15615616,2.035975976,-10.45588589,,2821.407147
36.21621622,1.211351351,-10.68891892,,2820.832973
36.27627628,0.386726727,-10.92195195,71.88264264,2820.258799
36.33633634,-0.437897898,-11.15498498,71.86582583,2819.684625
36.3963964,-1.262522523,-11.38801802,71.84900901,2819.11045
36.45645646,-2.087147147,-11.62105105,71.83219219,2818.536276
36.51651652,-2.911771772,-11.85408408,71.81537538,2817.962102
36.57657658,-3.736396396,-12.08711712,71.79855856,2817.387928
36.63663664,-4.561021021,-12.32015015,71.78174174,2816.813754
36.6966967,-5.385645646,-12.55318318,71.76492492,2816.23958
36.75675676,-6.21027027,-12.78621622,71.74810811,2815.665405
36.81681682,-7.034894895,-13.01924925,71.73129129,2815.091231
36.87687688,-7.85951952,-13.25228228,71.71447447,2814.517057
36.93693694,-8.684144144,-13.48531532,71.69765766,2813.942883
36.996997,-9.508768769,-13.71834835,71.68084084,2813.368709
37.05705706,-10.10174174,-13.49834835,71.65774775,2811.967778
37.11711712,-10.68252252,-13.2545045,71.63432432,2810.523333
37.17717718,-11.2633033,-13.01066066,71.6109009,2809.078889
37.23723724,-11.84408408,-12.76681682,71.58747748,2807.634444
37.2972973,-12.42486486,-12.52297297,71.56405405,2806.19
37.35735736,-13.00564565,-12.27912913,71.54063063,2804.745556
37.41741742,-13.58642643,-12.03528529,71.51720721,2803.301111
37.47747748,-14.16720721,-11.79144144,71.49378378,2801.856667
37.53753754,-14.74798799,-11.5475976,71.47036036,2800.412222
37.5975976,-15.32876877,-11.30375375,71.44693694,2798.967778
37.65765766,-15.90954955,-11.05990991,71.42351351,2797.523333
37.71771772,-16.49033033,-10.81606607,71.40009009,2796.078889
37.77777778,-17.07111111,-10.57222222,71.37666667,2794.634444
37.83783784,-17.65189189,-10.32837838,71.35324324,2793.19
37.8978979,-18.23267267,-10.08453453,71.32981982,2791.745556
37.95795796,-18.81345345,-9.840690691,71.3063964,2790.301111
38.01801802,-19.39405405,-9.66981982,71.27936937,2788.856667
38.07807808,,-9.669219219,71.24393393,2787.412222
38.13813814,,-9.668618619,71.2084985,2785.967778
38.1981982,,-9.668018018,71.17306306,2784.523333
38.25825826,,-9.667417417,71.13762763,2783.078889
38.31831832,,-9.666816817,71.10219219,2781.634444
38.37837838,,-9.666216216,71.06675676,2780.19
38.43843844,,-9.665615616,71.03132132,2778.745556
38.4984985,,-9.665015015,70.99588589,2777.301111
38.55855856,,-9.664414414,70.96045045,2775.856667
38.61861862,-25.19585586,-9.663813814,70.92501502,2774.412222
38.67867868,-25.77603604,-9.663213213,70.88957958,2772.967778
38.73873874,-26.35621622,-9.662612613,70.85414414,2771.523333
38.7987988,-26.9363964,-9.662012012,70.81870871,2770.078889
,-27.51657658,-9.661411411,,2768.634444
,-28.09675676,-9.660810811,,2767.19
,-28.67693694,-9.66021021,,2765.745556
,-29.27546547,-9.678348348,,2763.717087
,-29.88387387,-9.706576577,,2761.374144
,-30.49228228,-9.734804805,,2759.031201
,-31.10069069,-9.763033033,,2756.688258
39.27927928,-31.7090991,-9.791261261,,2754.345315
39.33933934,-32.31750751,-9.819489489,71.2157958,2752.002372
39.3993994,-32.92591592,-9.847717718,71.30708709,2749.659429
39.45945946,-33.53432432,-9.875945946,71.39837838,2747.316486
39.51951952,-34.14273273,-9.904174174,71.48966967,2744.973544
39.57957958,-34.75114114,-9.932402402,71.58096096,2742.630601
39.63963964,-35.35954955,-9.960630631,71.67225225,2740.287658
39.6996997,-35.96795796,-9.988858859,71.76354354,2737.944715
39.75975976,-36.57636637,-10.01708709,71.85483483,2735.601772
39.81981982,-37.18477477,-10.04531532,71.94612613,2733.258829
39.87987988,-37.79318318,-10.07354354,72.03741742,2730.915886
39.93993994,-38.40159159,-10.10177177,72.12870871,2728.572943
40,,,72.22,2726.23
40.06006006,,,72.2193994,2723.100571
40.12012012,,,72.2187988,2719.971141
40.18018018,,,72.2181982,2716.841712
40.24024024,,,72.2175976,2713.712282
40.3003003,,,72.216997,2710.582853
40.36036036,,,72.2163964,2707.453423
40.42042042,,,72.2157958,2704.323994
40.48048048,,,72.2151952,2701.194565
40.54054054,,,72.21459459,2698.065135
40.6006006,-43.56855856,-8.598468468,72.21399399,2694.935706
40.66066066,-44.02441441,-8.445315315,72.21339339,2691.806276
40.72072072,-44.48027027,-8.292162162,72.21279279,2688.676847
40.78078078,-44.93612613,-8.139009009,72.21219219,2685.547417
40.84084084,-45.39198198,-7.985855856,72.21159159,2682.417988
40.9009009,-45.84783784,-7.832702703,72.21099099,2679.288559
40.96096096,-46.30369369,-7.67954955,72.21039039,2676.159129
41.02102102,-46.83144144,-7.652102102,72.22114114,2673.0297
41.08108108,-47.4927027,-7.858108108,72.25297297,2669.90027
41.14114114,-48.15396396,-8.064114114,72.2848048,2666.770841
41.2012012,-48.81522523,-8.27012012,72.31663664,2663.641411
41.26126126,-49.47648649,-8.476126126,72.34846847,2660.511982
41.32132132,-50.13774775,-8.682132132,72.3803003,2657.382553
41.38138138,-50.79900901,-8.888138138,72.41213213,2654.253123
41.44144144,-51.46027027,-9.094144144,72.44396396,2651.123694
41.5015015,-52.12153153,-9.30015015,72.4757958,2647.994264
41.56156156,-52.78279279,-9.506156156,72.50762763,2644.864835
41.62162162,-53.44405405,-9.712162162,72.53945946,2641.735405
41.68168168,-54.10531532,-9.918168168,72.57129129,2638.605976
41.74174174,-54.76657658,-10.12417417,72.60312312,2635.476547
41.8018018,-55.42783784,-10.33018018,72.63495495,2632.347117
41.86186186,-56.0890991,-10.53618619,72.66678679,2629.217688
41.92192192,-56.75036036,-10.74219219,72.69861862,2626.088258
41.98198198,-57.41162162,-10.9481982,72.73045045,2622.958829
42.04204204,-57.96441441,-10.90153153,72.78288288,2619.243544
42.1021021,-58.47072072,-10.74657658,72.84414414,2615.277177
42.16216216,-58.97702703,-10.59162162,72.90540541,2611.310811
42.22222222,-59.48333333,-10.43666667,72.96666667,2607.344444
42.28228228,-59.98963964,-10.28171171,73.02792793,2603.378078
42.34234234,-60.49594595,-10.12675676,73.08918919,2599.411712
42.4024024,-61.00225225,-9.971801802,73.15045045,2595.445345
42.46246246,-61.50855856,-9.816846847,73.21171171,2591.478979
42.52252252,-62.01486486,-9.661891892,73.27297297,2587.512613
42.58258258,-62.52117117,-9.506936937,73.33423423,2583.546246
42.64264264,-63.02747748,-9.351981982,73.3954955,2579.57988
42.7027027,-63.53378378,,,2575.613514
42.76276276,-64.04009009,,,2571.647147
42.82282282,-64.5463964,,,2567.680781
42.88288288,-65.0527027,,,2563.714414
42.94294294,-65.55900901,,,2559.748048
43.003003,-66.0481006,,,2555.74988
43.06306306,-66.21011261,,,2551.147477
43.12312312,-66.37212462,,,2546.545075
43.18318318,-66.53413664,,,2541.942673
43.24324324,-66.69614865,,,2537.34027
43.3033033,-66.85816066,-9.085135135,74.00264264,2532.737868
43.36336336,-67.02017267,-9.214864865,74.05069069,2528.135465
43.42342342,-67.18218468,-9.344594595,74.09873874,2523.533063
43.48348348,-67.3441967,-9.474324324,74.14678679,2518.930661
43.54354354,-67.50620871,-9.604054054,74.19483483,
43.6036036,-67.66822072,-9.733783784,74.24288288,
43.66366366,-67.83023273,-9.863513514,74.29093093,
43.72372372,-67.99224474,-9.993243243,74.33897898,
43.78378378,-68.15425676,-10.12297297,74.38702703,
43.84384384,-68.31626877,-10.2527027,74.43507508,2491.316246
43.9039039,-68.47828078,-10.38243243,74.48312312,2486.713844
43.96396396,-68.64029279,-10.51216216,74.53117117,2482.111441
44.02402402,-68.8023048,-10.33510511,74.58258258,2477.50952
44.08408408,-68.96431682,-9.697867868,74.63903904,2472.908318
44.14414414,-69.12632883,-9.060630631,74.6954955,2468.307117
44.2042042,-69.28834084,-8.423393393,74.75195195,2463.705916
44.26426426,-69.45035285,-7.786156156,74.80840841,2459.104715
44.32432432,-69.61236486,-7.148918919,74.86486486,2454.503514
44.38438438,-69.77437688,-6.511681682,74.92132132,2449.902312
44.44444444,-69.93638889,-5.874444444,74.97777778,2445.301111
44.5045045,-70.0984009,-5.237207207,75.03423423,2440.69991
44.56456456,-70.26041291,-4.59996997,75.09069069,2436.098709
44.62462462,-70.42242492,-3.962732733,75.14714715,2431.497508
44.68468468,-70.58443694,-3.325495495,75.2036036,2426.896306
44.74474474,-70.74644895,-2.688258258,75.26006006,2422.295105
44.8048048,-70.90846096,-2.051021021,75.31651652,2417.693904
44.86486486,-71.07047297,-1.413783784,75.37297297,2413.092703
44.92492492,-71.23248498,-0.776546547,75.42942943,2408.491502
44.98498498,-71.394497,-0.139309309,75.48588589,2403.8903
45.04504505,-71.55650901,0.012792793,75.5036036,2399.282793
45.10510511,-71.71852102,0.003183183,75.50840841,2394.673183
45.16516517,-71.88053303,-0.006426426,75.51321321,2390.063574
45.22522523,-72.04254505,-0.016036036,75.51801802,2385.453964
45.28528529,-72.20455706,-0.025645646,75.52282282,2380.844354
45.34534535,-72.36656907,-0.035255255,75.52762763,2376.234745
45.40540541,-72.52858108,-0.044864865,75.53243243,2371.625135
45.46546547,-72.69059309,-0.054474474,75.53723724,2367.015526
45.52552553,-72.85260511,-0.064084084,75.54204204,2362.405916
45.58558559,-73.01461712,-0.073693694,75.54684685,2357.796306
45.64564565,-73.17662913,-0.083303303,75.55165165,2353.186697
45.70570571,-73.33864114,-0.092912913,75.55645646,2348.577087
45.76576577,-73.50065315,-0.102522523,75.56126126,2343.967477
45.82582583,-73.66266517,-0.112132132,75.56606607,2339.357868
45.88588589,-73.82467718,-0.121741742,75.57087087,2334.748258
45.94594595,-73.98668919,-0.131351351,75.57567568,2330.138649
46.00600601,-74.1487012,-0.13963964,75.58096096,2325.528559
46.06606607,-74.31071321,-0.136036036,75.59057057,2320.914144
46.12612613,-74.47272523,-0.132432432,75.60018018,2316.29973
46.18618619,-74.63473724,-0.128828829,75.60978979,2311.685315
46.24624625,-74.79674925,-0.125225225,75.6193994,2307.070901
46.30630631,-74.95876126,-0.121621622,75.62900901,2302.456486
46.36636637,-75.12077327,-0.118018018,75.63861862,2297.842072
46.42642643,-75.28278529,-0.114414414,75.64822823,2293.227658
46.48648649,-75.4447973,-0.110810811,75.65783784,2288.613243
46.54654655,-75.60680931,-0.107207207,75.66744745,2283.998829
46.60660661,-75.76882132,-0.103603604,75.67705706,2279.384414
46.66666667,-75.93083333,-0.1,75.68666667,2274.77
46.72672673,-76.09284535,-0.096396396,75.69627628,2270.155586
46.78678679,-76.25485736,-0.092792793,75.70588589,2265.541171
46.84684685,-76.41686937,-0.089189189,75.7154955,2260.926757
46.90690691,-76.57888138,-0.085585586,75.72510511,2256.312342
46.96696697,-76.74089339,-0.081981982,75.73471471,2251.697928
47.02702703,-76.82837838,-0.076216216,75.78324324,2247.085135
47.08708709,-76.82477477,-0.067807808,75.87933934,2242.474324
47.14714715,-76.82117117,-0.059399399,75.97543544,2237.863514
47.20720721,-76.81756757,-0.050990991,76.07153153,2233.252703
47.26726727,-76.81396396,-0.042582583,76.16762763,2228.641892
47.32732733,-76.81036036,-0.034174174,76.26372372,2224.031081
47.38738739,-76.80675676,-0.025765766,76.35981982,2219.42027
47.44744745,-76.80315315,-0.017357357,76.45591592,2214.809459
47.50750751,-76.79954955,-0.008948949,76.55201201,2210.198649
47.56756757,-76.79594595,-0.000540541,76.64810811,2205.587838
47.62762763,-76.79234234,0.007867868,76.7442042,2200.977027
47.68768769,-76.78873874,0.016276276,76.8403003,2196.366216
47.74774775,-76.78513514,-10.37561562,76.9363964,2191.755405
47.80780781,-76.78153153,-10.46630631,77.03249249,2187.144595
47.86786787,-76.77792793,-10.556997,77.12858859,2182.533784
47.92792793,-76.77432432,-10.64768769,77.22468468,2177.922973
47.98798799,-76.77072072,-10.73837838,77.32078078,2173.312162
48.04804805,-76.77,-10.80456456,77.36402402,2168.701351
48.10810811,-76.77,-10.65021021,77.39405405,2164.090541
48.16816817,-76.77,-10.49585586,77.42408408,2159.47973
48.22822823,-76.77,0.046306306,77.45411411,2154.868919
48.28828829,-76.77,0.042702703,77.48414414,2150.258108
48.34834835,-76.77,0.039099099,77.51417417,2145.647297
48.40840841,-76.77,0.035495495,77.5442042,2141.036486
48.46846847,-76.77,0.031891892,77.57423423,2136.425676
48.52852853,-76.77,0.028288288,77.60426426,2131.814865
48.58858859,-76.77,0.024684685,77.63429429,2127.204054
48.64864865,-76.77,0.021081081,77.66432432,2122.593243
48.70870871,-76.77,0.017477477,77.69435435,2117.982432
48.76876877,-76.77,0.013873874,77.72438438,2113.371622
48.82882883,-76.77,0.01027027,77.75441441,2108.760811
48.88888889,-76.77,0.006666667,77.78444444,2104.15
